{
  "locations": {
    "north-carolina": {
      "lowerlong": -78.9100,
      "upperlong": -78.4989,
      "lowerlat": 35.6903,
      "upperlat": 35.9536
    },
    "colorado": {
      "lowerlong": -109.052797,
      "upperlong": -102.020483,
      "lowerlat": 36.986707,
      "upperlat": 40.981271
    },
    "new-zealand": {
      "lowerlong": 160.455982,
      "upperlong": -175.346653,
      "lowerlat": -46.555930,
      "upperlat": -31.939761
    },
    "cairo": {
      "lowerlong": 28.947179,
      "upperlong": 32.901590,
      "lowerlat": 29.732618,
      "upperlat": 31.599636
    },
    "tokyo": {
      "lowerlong": 124.048607,
      "upperlong": 142.306521,
      "lowerlat": 30.920502,
      "upperlat": 43.133686
    }
  }
}
